longitude,latitude,housing_median_age,total_rooms,total_bedrooms,population,households,median_income,median_house_value,ocean_proximity
-120.55,34.26,28,1306,202.0,4701,753,3.4674,225172,INLAND
-114.79,37.65,7,2424,406.0,659,1628,1.3658,143644,<1H OCEAN
-116.98,40.79,35,397,93.0,2206,992,0.972,118766,NEAR BAY
-118.31,39.46,28,2871,593.0,3916,1489,5.5083,271145,<1H OCEAN
-122.74,40.16,14,7935,1764.0,421,97,3.9736,284013,<1H OCEAN
-122.74,38.76,10,6291,1126.0,665,488,1.8401,210228,INLAND
-123.72,39.08,16,7034,1420.0,2303,1567,0.8915,127371,<1H OCEAN
-115.64,40.57,16,3692,562.0,4992,427,4.4952,212007,INLAND
-118.29,34.87,31,2648,560.0,4188,649,2.3473,137982,<1H OCEAN
-117.22,37.15,42,670,117.0,914,1339,1.2455,113506,<1H OCEAN
-124.09,34.6,25,6561,1164.0,1318,1614,4.2089,239445,<1H OCEAN
-114.6,41.88,13,2148,439.0,834,1193,2.5114,212011,<1H OCEAN
-115.98,41.47,6,5224,1262.0,4621,759,3.599,238158,<1H OCEAN
-122.18,32.87,44,4099,525.0,4228,585,4.2259,333180,NEAR OCEAN
-122.48,39.2,9,2210,502.0,2287,810,0.5015,198993,INLAND
-122.47,41.29,45,4000,632.0,4104,1643,1.1587,223213,INLAND
-121.26,34.22,36,6975,1239.0,4945,1781,5.1098,364816,INLAND
-119.05,37.9,43,7294,896.0,985,923,3.9137,252903,INLAND
-119.98,41.2,20,5201,827.0,4030,639,5.3902,323273,NEAR BAY
-121.39,32.82,18,6518,1208.0,2388,777,1.5521,186814,<1H OCEAN
-118.18,39.13,43,4318,549.0,375,311,2.634,149546,<1H OCEAN
-122.91,35.32,21,3996,734.0,1584,690,2.7358,287494,<1H OCEAN
-121.38,41.28,4,4188,1007.0,3530,953,3.6694,282100,<1H OCEAN
-120.64,41.73,50,434,58.0,3911,1025,3.6034,266558,<1H OCEAN
-119.74,41.47,33,7380,1619.0,2035,1631,4.8569,277265,INLAND
-116.45,37.01,27,5420,939.0,4982,775,2.6443,174110,INLAND
-122.3,40.69,7,1128,231.0,4653,1510,4.5397,445194,ISLAND
-119.16,40.52,6,3807,585.0,2828,116,5.0304,283650,<1H OCEAN
-118.38,35.53,15,722,101.0,1320,1132,2.6295,234252,<1H OCEAN
-123.84,40.37,18,6104,859.0,690,1258,2.0354,183575,NEAR BAY
-118.22,32.85,32,3723,480.0,4753,820,2.9893,226297,NEAR OCEAN
-122.59,38.16,11,4726,681.0,4128,1390,3.9468,349283,INLAND
-123.65,34.69,20,5088,1049.0,4711,1307,15.0,500001,INLAND
-114.81,33.65,24,1829,429.0,1417,333,3.0932,186957,NEAR OCEAN
-114.64,33.23,15,6032,1362.0,4092,1433,1.5963,124193,INLAND
-116.22,39.11,48,4828,1009.0,2625,159,0.5,80051,<1H OCEAN
-121.25,35.73,7,7322,983.0,3653,625,5.0032,406789,NEAR OCEAN
-123.32,39.39,21,6042,952.0,1631,1329,0.8293,97449,INLAND
-117.46,33.12,42,5971,957.0,2036,1752,13.1424,500001,<1H OCEAN
-119.9,35.5,26,1516,231.0,2290,587,3.8252,209399,INLAND
-123.08,37.63,44,3057,571.0,4016,928,9.1293,496115,<1H OCEAN
-119.35,40.01,14,5208,987.0,2155,1236,5.2059,336363,NEAR OCEAN
-123.96,35.53,37,1324,220.0,178,1321,2.4742,224857,<1H OCEAN
-115.21,38.45,21,5821,966.0,4851,1375,3.717,208295,NEAR OCEAN
-121.71,40.92,18,5623,1280.0,4046,1565,1.2693,212542,INLAND
-117.67,38.35,5,7214,1605.0,901,1665,2.4231,143693,<1H OCEAN
-121.18,34.71,3,2787,445.0,4153,107,3.8643,265604,<1H OCEAN
-119.1,32.73,23,1223,292.0,2126,813,0.5817,122034,INLAND
-118.83,40.77,26,5872,1431.0,3044,1392,2.1567,204453,NEAR BAY
-122.45,32.7,37,1578,256.0,3794,703,4.8494,347366,<1H OCEAN
-114.6,40.81,24,3574,593.0,2806,1609,3.806,278177,<1H OCEAN
-116.55,37.52,49,1719,319.0,1694,1562,1.1054,141966,INLAND
-114.91,41.42,19,5977,1448.0,4421,267,6.3301,391147,NEAR OCEAN
-115.35,40.09,51,6293,1472.0,3194,1187,3.0582,188198,<1H OCEAN
-118.32,41.98,25,426,56.0,292,1245,1.4712,183875,INLAND
-115.08,35.83,21,5555,950.0,4135,1409,0.5775,150313,INLAND
-123.42,39.79,12,5168,991.0,220,307,5.7646,349014,<1H OCEAN
-122.34,36.32,41,1091,202.0,702,1071,6.2269,427525,INLAND
-123.85,37.06,33,5774,838.0,3562,553,4.4794,265773,<1H OCEAN
-121.05,38.46,50,4272,989.0,1549,209,2.7777,207593,NEAR OCEAN
-120.41,40.8,4,5332,1109.0,2149,152,3.5432,223382,INLAND
-121.59,41.85,42,2457,562.0,2208,1299,4.7181,334353,INLAND
-116.01,39.8,7,2988,692.0,2022,1787,1.7555,148698,<1H OCEAN
-120.73,36.47,22,596,129.0,3975,1426,1.9859,172368,<1H OCEAN
-121.49,36.5,33,5419,959.0,2308,1104,3.321,296107,NEAR OCEAN
-118.87,39.51,17,2278,454.0,4089,1124,1.6916,160386,INLAND
-122.89,34.77,24,7241,1019.0,2085,509,1.744,183741,INLAND
-116.28,33.55,34,7895,1638.0,3321,1613,3.4174,214225,INLAND
-123.55,35.87,28,4944,708.0,907,1072,5.6808,338622,INLAND
-114.43,35.23,43,4624,972.0,3873,113,5.5503,297944,<1H OCEAN
-116.58,35.31,41,3437,515.0,1099,1208,2.9673,172627,<1H OCEAN
-122.31,34.72,39,5778,781.0,4040,594,2.6462,276105,<1H OCEAN
-124.24,32.9,22,4093,579.0,348,648,6.9527,381151,INLAND
-116.15,32.67,49,5247,630.0,973,386,4.2852,219749,<1H OCEAN
-117.23,41.88,17,2205,470.0,4282,845,0.9153,124987,<1H OCEAN
-117.01,36.56,34,2216,476.0,4356,676,1.2446,139867,NEAR OCEAN
-116.59,36.15,6,3371,630.0,2849,472,4.574,302581,<1H OCEAN
-123.56,38.96,46,2868,404.0,4925,1122,5.387,310276,INLAND
-120.72,34.57,6,2078,271.0,4112,552,0.5,113861,<1H OCEAN
-123.14,41.52,34,1396,170.0,4095,172,2.5998,233999,<1H OCEAN
-115.67,39.97,1,1972,279.0,1852,221,1.321,104847,<1H OCEAN
-118.07,33.35,10,361,85.0,2763,1440,3.39,240103,<1H OCEAN
-120.99,36.47,21,4176,632.0,4556,407,6.8109,436055,NEAR OCEAN
-123.66,40.85,5,1951,323.0,2903,610,0.9082,151638,INLAND
-121.19,41.47,2,975,130.0,2707,564,1.7604,245880,<1H OCEAN
-121.05,36.94,22,7630,1136.0,4572,1746,2.4339,245770,<1H OCEAN
-117.0,38.33,48,6123,1148.0,3396,1346,0.9441,112101,INLAND
-117.92,34.09,2,6617,1316.0,1521,1062,0.5,86221,<1H OCEAN
-115.43,41.92,10,7370,1119.0,2999,1324,1.3857,118455,<1H OCEAN
-119.58,34.7,34,5347,681.0,991,1440,10.1674,500001,INLAND
-123.1,41.46,16,6669,1139.0,1957,122,2.2667,160458,NEAR OCEAN
-117.17,38.67,48,1139,171.0,4887,558,2.2886,182628,<1H OCEAN
-116.69,38.27,51,3420,508.0,1293,1207,4.544,304960,INLAND
-118.69,37.37,39,739,180.0,4473,434,2.53,178749,NEAR OCEAN
-116.59,34.69,22,6831,1367.0,1516,869,7.2015,435081,<1H OCEAN
-119.36,34.18,12,5117,984.0,4007,1202,3.3254,225556,NEAR OCEAN
-119.07,34.59,24,1661,289.0,2016,918,1.5329,88535,INLAND
-120.02,34.27,47,5384,946.0,425,1320,4.7376,331075,<1H OCEAN
-124.05,39.91,40,555,105.0,312,451,0.841,112646,NEAR BAY
-123.22,35.83,38,3804,800.0,4412,1671,2.0747,231192,<1H OCEAN
-123.99,33.05,10,3523,744.0,3438,501,1.2186,106678,<1H OCEAN
-117.94,41.71,35,434,61.0,3445,922,1.0229,128036,NEAR OCEAN
-121.16,40.9,51,6570,1215.0,1994,576,6.1668,375013,<1H OCEAN
-119.21,41.31,49,1748,303.0,1943,660,5.3333,325618,<1H OCEAN
-115.22,41.95,32,7680,1790.0,3684,1579,3.3822,234477,<1H OCEAN
-121.81,34.15,7,2296,463.0,1702,1556,9.0874,500001,NEAR OCEAN
-120.2,36.26,21,4413,835.0,4191,1067,1.448,160812,NEAR OCEAN
-116.74,39.7,20,2301,310.0,3942,807,4.6876,233549,INLAND
-122.01,39.11,26,1873,372.0,649,1705,7.1013,500001,NEAR BAY
-123.53,33.96,4,6908,934.0,4865,393,3.1743,273074,<1H OCEAN
-121.4,40.25,46,5363,878.0,1962,148,2.6913,223568,<1H OCEAN
-122.69,34.63,52,2300,318.0,1342,1291,1.7284,179654,INLAND
-115.0,34.63,22,3857,809.0,650,575,4.6788,301502,INLAND
-116.22,37.6,15,4853,712.0,430,1222,0.7253,88509,<1H OCEAN
-117.97,38.13,40,3796,648.0,4263,551,0.5,66217,<1H OCEAN
-115.59,38.01,21,3948,933.0,3687,663,4.0411,250269,NEAR OCEAN
-116.26,33.37,15,3373,494.0,2213,1710,1.3402,103408,NEAR BAY
-122.43,40.84,22,2015,374.0,4405,992,1.495,217001,INLAND
-115.37,35.02,52,4041,705.0,1148,987,1.15,99013,<1H OCEAN
-118.91,33.73,28,2205,269.0,415,1788,3.4053,220087,ISLAND
-116.23,40.94,14,7211,1608.0,2620,912,3.0901,234522,NEAR OCEAN
-115.34,41.58,27,4693,605.0,3469,809,1.1171,35796,INLAND
-121.12,40.69,41,7505,1363.0,2526,900,3.0002,271438,NEAR OCEAN
-123.2,40.19,40,874,168.0,840,545,3.2335,282052,NEAR OCEAN
-122.02,38.72,28,586,118.0,3619,967,2.281,271043,NEAR BAY
-120.03,37.73,26,2358,494.0,796,1450,5.5383,367861,NEAR OCEAN
-116.12,33.33,49,2861,437.0,362,895,2.4631,143871,INLAND
-115.69,36.38,2,2264,274.0,4683,135,3.8492,213934,INLAND
-124.23,36.04,25,4051,867.0,970,1138,2.5474,177817,INLAND
-119.19,34.97,3,3453,,1127,243,3.1683,250482,INLAND
-120.13,39.37,8,5179,1184.0,2879,1174,2.4902,151975,NEAR OCEAN
-122.08,37.21,44,7903,1792.0,2431,1185,1.1896,281625,NEAR BAY
-123.1,33.27,33,4836,1110.0,3668,879,2.0066,192577,INLAND
-120.92,34.59,42,4466,817.0,847,226,5.7562,389591,INLAND
-114.87,38.99,52,6752,1103.0,4493,48,6.9143,385454,INLAND
-121.07,33.22,35,939,209.0,322,671,3.8322,294706,INLAND
-119.11,40.59,6,1601,286.0,3060,1065,3.338,210749,INLAND
-117.27,37.2,39,3459,497.0,4865,1134,0.7642,137838,<1H OCEAN
-120.66,37.07,52,7201,1664.0,1823,359,3.2845,236459,INLAND
-114.58,38.13,23,2477,581.0,2597,895,1.0368,82533,<1H OCEAN
-114.68,40.33,25,4104,741.0,3214,803,2.1262,180039,<1H OCEAN
-121.78,35.8,50,4123,535.0,4830,421,3.3132,316417,NEAR OCEAN
-119.33,38.94,43,4414,752.0,4767,666,1.6223,194610,<1H OCEAN
-121.29,37.87,19,3427,769.0,996,336,3.0972,265213,<1H OCEAN
-121.45,35.04,5,3031,719.0,2715,1320,2.0302,208606,<1H OCEAN
-123.93,40.85,51,3958,579.0,556,1500,3.1645,241839,<1H OCEAN
-118.2,40.08,11,2712,349.0,293,1494,9.9438,500001,NEAR OCEAN
-119.27,38.76,12,2351,550.0,555,924,4.9591,284716,INLAND
-123.79,40.58,10,3875,661.0,4567,681,2.1629,216050,NEAR OCEAN
-121.51,40.74,8,2945,560.0,3208,870,8.3756,500001,<1H OCEAN
-115.22,39.23,24,6291,1546.0,3640,1055,4.8689,270986,<1H OCEAN
-121.9,40.45,28,4066,523.0,1922,549,1.6425,221033,<1H OCEAN
-122.85,39.13,41,7869,1607.0,3843,1704,1.5034,184130,INLAND
-119.41,38.96,36,3964,513.0,1242,665,5.0871,326146,INLAND
-114.44,38.38,37,6001,1013.0,4475,1362,2.9478,197898,NEAR OCEAN
-121.88,39.65,21,6018,1351.0,4795,769,1.0199,255651,INLAND
-117.58,34.01,8,2422,427.0,1514,1575,2.6752,208011,INLAND
-116.68,40.87,9,2992,746.0,440,498,1.8668,114637,NEAR OCEAN
-121.92,40.78,47,1897,365.0,4526,241,1.3397,224375,NEAR BAY
-117.02,32.78,15,5740,928.0,3427,1165,2.3093,127577,<1H OCEAN
-120.62,40.35,48,7501,1114.0,4887,1061,2.816,264085,<1H OCEAN
-117.98,33.72,46,3662,606.0,4965,833,7.6327,353595,INLAND
-117.96,35.68,40,4263,718.0,722,506,5.4852,278095,INLAND
-118.94,39.56,18,6055,780.0,2610,903,2.6037,178758,NEAR BAY
-123.4,34.03,42,1724,289.0,1261,489,0.5,141917,INLAND
-115.95,40.27,20,4960,894.0,979,282,1.3902,108185,<1H OCEAN
-121.09,40.41,6,232,49.0,1589,1579,2.5768,223533,NEAR BAY
-122.43,37.32,12,6398,1313.0,962,781,0.7993,170497,NEAR OCEAN
-123.89,32.56,2,4225,896.0,693,1491,2.0525,189449,<1H OCEAN
-118.39,35.23,7,2766,334.0,4572,1010,4.1629,223253,NEAR OCEAN
-117.52,38.36,16,3003,,551,883,3.9966,218803,<1H OCEAN
-124.13,41.82,3,4096,843.0,779,1714,1.4985,205783,<1H OCEAN
-119.18,38.5,45,3909,715.0,1333,265,2.4148,200004,NEAR OCEAN
-122.04,34.97,3,6355,766.0,2168,1359,2.4083,315427,INLAND
-117.85,38.52,27,5847,1313.0,4602,507,6.2138,350488,<1H OCEAN
-122.56,37.63,50,919,202.0,4436,708,3.7836,302207,<1H OCEAN
-117.39,39.91,43,6898,1319.0,3886,1073,1.3767,142403,INLAND
-120.43,33.52,40,6716,863.0,969,245,2.8233,247242,<1H OCEAN
-114.93,39.73,38,4779,1049.0,4100,884,3.1753,226858,INLAND
-122.92,37.64,33,1172,229.0,2389,164,3.5875,275765,INLAND
-120.89,41.65,28,3918,868.0,805,934,1.846,222821,<1H OCEAN
-123.17,35.75,1,7595,1653.0,1919,1182,4.6342,243676,INLAND
-115.05,38.51,8,6966,1563.0,4522,439,1.8988,171082,NEAR OCEAN
-115.53,41.35,37,4602,862.0,557,1475,6.2903,330336,INLAND
-121.72,33.47,32,4752,656.0,1486,1347,3.5657,334245,<1H OCEAN
-117.7,41.4,48,2407,498.0,2625,1299,2.8905,178894,<1H OCEAN
-116.13,39.03,43,4626,928.0,3476,1754,5.5067,269834,INLAND
-118.75,33.14,37,7119,1541.0,608,1609,1.1674,138018,NEAR OCEAN
-119.0,35.36,4,4520,642.0,3152,115,6.1783,310477,<1H OCEAN
-121.88,39.23,30,3230,469.0,4566,585,5.4615,407705,<1H OCEAN
-123.37,33.14,6,7072,1667.0,3672,1428,4.5446,283425,<1H OCEAN
-115.33,38.03,46,3775,821.0,4449,1499,1.6135,126913,INLAND
-115.3,35.79,19,5775,1374.0,4107,407,4.8188,300242,<1H OCEAN
-117.97,38.4,32,3316,724.0,3765,1443,6.4736,346437,NEAR OCEAN
-120.91,32.93,9,3485,688.0,1351,1710,3.2749,268578,<1H OCEAN
-120.81,40.78,12,5378,1102.0,2205,1104,3.5726,291440,INLAND
-117.04,41.75,11,843,198.0,742,271,1.688,122910,INLAND
-115.33,41.7,46,4911,958.0,4400,1347,3.7243,209367,INLAND
-115.43,39.62,16,394,79.0,1528,949,1.3558,161905,<1H OCEAN
-116.5,33.74,1,4196,588.0,306,1616,4.7039,272370,INLAND
-117.88,39.7,45,688,124.0,2480,295,4.0339,266096,<1H OCEAN
-123.46,32.73,21,2404,512.0,491,1173,1.8348,198588,<1H OCEAN
-122.68,32.71,30,2857,443.0,1931,741,5.1708,326032,INLAND
-115.31,35.57,13,5545,811.0,2696,1301,2.713,158764,INLAND
-118.24,37.14,34,6755,1086.0,3870,99,3.1904,226341,<1H OCEAN
-124.21,39.82,4,3476,526.0,4727,86,3.0722,162958,<1H OCEAN
-123.29,38.99,28,1302,192.0,1785,1435,2.7115,221180,NEAR OCEAN
-117.66,36.74,38,5443,953.0,3785,68,1.8257,124287,NEAR OCEAN
-124.25,35.1,31,6814,1621.0,2695,830,3.7209,286909,<1H OCEAN
-122.69,41.97,27,1441,267.0,68,1496,4.9693,362759,INLAND
-118.81,36.55,5,715,103.0,1174,1071,4.6767,321988,INLAND
-117.38,36.79,25,5921,769.0,4035,761,1.2134,120119,INLAND
-117.78,34.05,3,5423,1141.0,2704,854,2.7116,187340,NEAR OCEAN
-122.06,40.05,33,592,100.0,2130,785,1.5438,241832,<1H OCEAN
-117.18,39.09,4,830,188.0,1597,381,3.3587,201822,NEAR OCEAN
-121.93,34.6,25,3916,805.0,911,1351,0.8049,296947,INLAND
-121.05,33.28,20,2047,457.0,204,312,0.8311,178537,INLAND
-116.84,38.96,34,2855,443.0,3544,1639,1.821,114309,INLAND
-117.8,38.72,26,1179,247.0,954,139,6.3826,435242,NEAR BAY
-115.81,35.1,5,4729,729.0,1319,1046,3.1905,192285,<1H OCEAN
-117.72,41.53,35,3602,871.0,454,1233,1.7147,155205,<1H OCEAN
-118.62,33.94,28,7510,1522.0,893,573,4.0239,283509,<1H OCEAN
-123.36,36.61,29,4071,660.0,1832,1799,3.5292,216234,NEAR BAY
-120.62,41.46,9,6883,1067.0,1614,54,6.9382,390424,INLAND
-121.65,36.49,52,477,69.0,1234,872,3.5399,359851,INLAND
-121.86,38.57,38,432,90.0,796,820,2.3346,269891,<1H OCEAN
-114.57,36.28,50,1752,260.0,1775,767,4.8244,304851,NEAR OCEAN
-120.37,35.11,6,5890,1162.0,3238,86,1.2056,137682,NEAR OCEAN
-115.38,41.85,19,5409,835.0,320,209,2.4816,168505,INLAND
-117.99,36.39,44,7859,1619.0,4915,261,1.9953,213286,<1H OCEAN
-116.35,40.99,11,3470,784.0,4006,372,1.4505,140954,<1H OCEAN
-119.27,34.68,2,2609,576.0,221,506,1.8341,152403,INLAND
-118.53,34.52,47,3712,812.0,323,605,2.2902,156115,INLAND
-119.37,32.8,44,225,32.0,2356,484,3.4428,218492,<1H OCEAN
-122.35,38.69,44,7392,971.0,1208,1285,0.5,210857,INLAND
-117.08,36.0,9,5713,1204.0,1756,318,2.7909,213893,<1H OCEAN
-121.49,40.71,21,6850,1150.0,1821,1266,3.3817,257053,NEAR OCEAN
-124.06,37.0,24,7668,1351.0,471,287,5.2312,327038,INLAND
-117.85,41.7,34,7706,955.0,1259,559,1.2662,124100,<1H OCEAN
-122.53,34.26,22,6610,1016.0,4725,716,4.5007,350053,INLAND
-114.9,40.75,3,660,82.0,940,958,1.8073,121739,<1H OCEAN
-114.76,39.88,12,3964,928.0,4867,258,1.4153,154826,<1H OCEAN
-115.15,39.82,28,6799,1031.0,3317,1279,2.0396,150850,NEAR OCEAN
-120.6,40.53,30,3631,698.0,1523,625,2.2969,217063,<1H OCEAN
-124.15,39.73,26,5387,673.0,3293,464,1.3852,126412,<1H OCEAN
-115.02,38.45,48,5302,1095.0,4528,911,6.5715,332485,<1H OCEAN
-120.02,33.75,21,7206,1167.0,2231,1050,2.9688,303656,<1H OCEAN
-114.63,32.81,28,3683,871.0,1499,431,5.4912,359027,<1H OCEAN
-114.66,41.25,26,2194,516.0,3146,651,3.5267,214596,<1H OCEAN
-115.77,38.36,33,690,111.0,3306,117,9.1689,500001,INLAND
-121.36,40.07,21,1272,301.0,3206,613,6.3438,453316,<1H OCEAN
-120.45,37.07,35,6907,1723.0,1640,1595,2.2011,179116,INLAND
-115.79,33.61,52,3373,766.0,4289,1737,1.851,122351,<1H OCEAN
-121.13,33.69,34,415,95.0,4031,338,3.8627,314095,<1H OCEAN
-122.61,39.01,41,7805,1189.0,1485,935,3.712,308009,<1H OCEAN
-118.73,36.59,51,1923,374.0,273,372,2.5083,175942,NEAR OCEAN
-114.94,34.4,47,1792,230.0,269,465,8.0531,442636,INLAND
-117.34,37.17,18,2806,371.0,4324,206,7.2127,347798,NEAR OCEAN
-118.6,33.11,11,358,89.0,1704,168,3.2662,224519,<1H OCEAN
-123.33,38.03,23,6832,1109.0,4578,223,6.6798,367800,NEAR OCEAN
-118.15,35.06,48,4981,1082.0,314,1239,1.9091,120657,<1H OCEAN
-114.4,40.08,22,3513,789.0,1003,1271,3.8639,210114,<1H OCEAN
-122.9,35.45,17,3041,704.0,4574,1217,2.8269,257056,INLAND
-119.12,36.82,5,1976,493.0,3783,1214,2.215,158077,<1H OCEAN
-115.53,32.61,44,2252,340.0,2824,972,1.2598,80228,NEAR BAY
-116.89,33.19,11,7963,997.0,3174,554,4.3605,275089,<1H OCEAN
-117.33,36.23,30,6139,1064.0,529,1654,1.1837,164503,ISLAND
-117.28,37.06,15,6704,917.0,3564,1095,4.7003,296902,INLAND
-120.71,38.2,27,6802,836.0,1403,944,2.812,286096,INLAND
-121.36,35.27,35,2495,416.0,3372,239,11.0029,500001,<1H OCEAN
-116.21,39.1,33,5885,1305.0,3928,770,4.4651,248397,<1H OCEAN
-116.2,40.67,20,1896,367.0,939,891,3.8195,252901,NEAR BAY
-115.63,39.91,16,3193,512.0,3904,1328,3.7833,227852,<1H OCEAN
-115.17,32.88,34,2669,547.0,974,983,0.7979,126925,INLAND
-119.19,37.06,2,2146,,2220,1332,0.5,99115,ISLAND
-119.28,33.5,35,4009,488.0,1952,1304,2.317,160926,<1H OCEAN
-116.32,34.8,40,6358,1394.0,4923,1363,3.4496,258889,INLAND
-117.8,41.87,28,2983,599.0,2445,1773,5.9188,344726,INLAND
-117.28,33.85,47,3844,842.0,78,862,2.0423,138221,<1H OCEAN
-116.34,37.24,39,5441,680.0,84,169,15.0,500001,<1H OCEAN
-115.4,38.37,6,6620,1514.0,3639,821,1.6251,112768,INLAND
-120.92,39.17,9,5877,1178.0,2720,575,2.4677,193109,<1H OCEAN
-120.54,37.82,20,2700,521.0,3415,1046,2.9505,219422,INLAND
-123.36,32.59,1,7757,1560.0,638,1583,2.9345,246802,<1H OCEAN
-118.52,35.6,8,7661,1780.0,3268,86,1.2824,133111,NEAR BAY
-123.94,37.42,23,3845,754.0,3188,141,3.9427,255295,<1H OCEAN
-119.64,33.33,3,2845,556.0,953,34,3.2902,277567,INLAND
-118.87,35.83,4,6789,1689.0,4136,1463,4.3082,209869,INLAND
-121.43,32.82,25,6553,1431.0,2219,1467,0.5193,168093,<1H OCEAN
-118.39,33.25,47,7957,1412.0,389,1235,3.3794,220328,<1H OCEAN
-123.99,36.27,38,7057,1495.0,4320,1066,0.5,83561,NEAR OCEAN
-123.93,33.76,15,2549,434.0,1764,1392,2.6102,219587,NEAR OCEAN
-116.07,37.89,21,2132,319.0,4742,1312,3.8463,228136,<1H OCEAN
-120.7,39.05,35,3494,690.0,4596,119,4.8591,361289,<1H OCEAN
-123.03,40.11,46,1957,470.0,606,645,2.3574,246016,<1H OCEAN
-119.08,34.4,52,6346,1528.0,3137,920,1.9655,223896,<1H OCEAN
-116.6,34.09,14,5285,869.0,3316,727,1.0164,94675,INLAND
-122.14,33.49,36,5837,1100.0,3617,1303,0.5049,236196,NEAR OCEAN
-118.07,38.55,12,1316,194.0,2106,1308,3.1147,175611,<1H OCEAN
-123.45,39.21,17,2767,690.0,3949,1641,0.5,120405,ISLAND
-123.78,32.8,39,3699,915.0,1066,927,3.0565,217541,<1H OCEAN
-118.99,41.39,9,692,141.0,2112,1000,1.2076,149821,INLAND
-118.89,32.99,35,3506,787.0,888,1161,0.5,116344,INLAND
-117.93,37.64,13,819,174.0,1687,697,1.7012,119121,INLAND
-117.04,39.24,15,3432,676.0,4371,623,1.6801,160518,INLAND
-114.54,40.77,18,4023,510.0,3546,618,0.9904,90883,<1H OCEAN
-119.14,39.28,51,6674,1195.0,1863,514,2.342,159746,INLAND
-121.07,40.12,33,2580,535.0,3529,1011,3.2897,265403,INLAND
-116.35,35.72,6,6393,1330.0,1501,1001,1.4001,81255,<1H OCEAN
-121.59,40.24,27,1746,294.0,2363,1311,1.5643,244715,NEAR OCEAN
-119.91,33.26,23,5158,1250.0,1564,668,2.2799,189470,<1H OCEAN
-123.52,41.0,27,5987,848.0,1281,1026,3.6012,260565,INLAND
-124.05,37.7,34,3763,696.0,1695,311,4.5799,292660,<1H OCEAN
-114.67,40.26,46,1805,378.0,3049,1015,10.1306,500001,<1H OCEAN
-115.94,36.8,38,3952,832.0,3490,1141,0.5,129312,<1H OCEAN
-117.34,38.61,14,6615,1351.0,4106,1257,2.1906,205601,INLAND
-120.21,37.5,36,4875,759.0,355,45,5.5478,340863,INLAND
-122.57,39.45,8,2090,293.0,3586,1204,6.733,405057,<1H OCEAN
-122.74,33.28,35,1475,298.0,1773,965,6.9216,437199,<1H OCEAN
-121.8,33.07,19,6903,1366.0,1739,283,7.5647,500001,<1H OCEAN
-118.81,34.85,30,2943,421.0,1567,1241,8.451,480472,INLAND
-117.15,34.02,14,6151,1301.0,3967,358,3.0969,214337,INLAND
-117.7,40.78,20,7457,1336.0,469,573,7.6152,380191,<1H OCEAN
-121.5,34.58,49,2693,556.0,2986,812,1.0775,172425,<1H OCEAN
-114.75,41.77,25,7360,1684.0,3912,1026,2.6143,157041,INLAND
-116.92,35.7,40,5651,802.0,4279,1450,2.4555,191340,<1H OCEAN
-118.76,34.23,24,5458,668.0,1500,1570,1.9352,179369,<1H OCEAN
-118.18,40.0,14,556,123.0,3146,1512,1.1288,142755,<1H OCEAN
-120.1,38.76,26,5920,1179.0,3311,1383,6.1084,375633,<1H OCEAN
-121.82,37.23,38,6617,1395.0,1214,874,2.8087,231734,INLAND
-120.74,37.78,23,7386,1691.0,1919,1222,2.9483,187269,INLAND
-116.72,39.33,22,6302,1413.0,1869,1746,1.1456,111231,<1H OCEAN
-124.16,34.67,48,6654,1629.0,2755,395,4.0704,273578,INLAND
-123.14,41.97,19,1069,202.0,3565,1231,6.3016,431275,<1H OCEAN
-123.84,41.76,46,1085,199.0,1392,684,3.7938,265871,NEAR OCEAN
-123.89,38.68,51,2201,379.0,2276,1415,1.3355,122722,INLAND
-115.75,34.4,3,6497,909.0,1129,789,6.504,373234,INLAND
-117.26,38.96,42,5709,1110.0,4256,668,0.5,88114,<1H OCEAN
-119.56,33.19,19,1483,231.0,4613,1093,4.6652,281477,<1H OCEAN
-123.32,32.79,9,819,196.0,2829,953,1.3174,115500,INLAND
-119.38,34.95,28,1082,211.0,2578,445,7.4797,420578,INLAND
-119.57,36.89,20,996,196.0,863,1408,10.0491,500001,<1H OCEAN
-122.57,40.75,45,3842,638.0,2081,284,1.7175,182944,NEAR BAY
-119.96,39.41,7,6468,819.0,372,1196,2.2485,212855,NEAR BAY
-120.31,39.56,14,3625,449.0,3019,1793,4.3251,310035,INLAND
-118.14,36.54,9,1496,261.0,953,739,1.914,158461,NEAR BAY
-117.95,35.79,19,4914,643.0,1591,606,0.6082,97423,<1H OCEAN
-123.85,36.02,47,6130,1219.0,3553,929,7.857,474577,<1H OCEAN
-120.55,41.88,52,444,104.0,2703,40,2.021,203195,<1H OCEAN
-118.04,32.88,14,3095,726.0,2526,1673,3.7762,219103,INLAND
-119.27,40.74,38,6793,1397.0,3390,55,1.6363,147918,<1H OCEAN
-115.74,38.0,36,1129,166.0,4293,986,3.486,234236,NEAR BAY
-117.71,36.67,40,5566,,1191,450,3.4268,161591,<1H OCEAN
-122.67,39.39,17,719,169.0,899,1716,4.0721,285119,<1H OCEAN
-123.59,37.12,30,3412,496.0,416,1274,1.9316,205301,NEAR OCEAN
-117.88,40.8,9,2609,563.0,2947,525,1.2059,159828,<1H OCEAN
-124.03,41.06,33,207,32.0,1139,1290,1.7153,197324,<1H OCEAN
-118.44,36.51,52,2725,611.0,4091,266,11.4123,500001,INLAND
-114.9,35.13,25,3623,904.0,2088,1038,4.9331,284400,<1H OCEAN
-118.55,38.13,14,2219,274.0,2910,248,3.1448,184356,<1H OCEAN
-120.42,41.17,11,4790,1133.0,4320,1540,0.9703,135904,<1H OCEAN
-117.87,34.5,35,5925,1190.0,1904,490,4.19,197991,INLAND
-119.72,38.42,41,7176,1769.0,4733,692,9.4357,500001,NEAR BAY
-118.84,38.5,14,7794,1406.0,544,664,3.5223,210047,NEAR OCEAN
-114.89,39.46,30,5358,1233.0,3232,1197,4.4179,241300,<1H OCEAN
-120.44,33.75,41,6936,888.0,1834,1019,1.3362,190481,<1H OCEAN
-114.69,39.3,4,4482,733.0,3560,218,3.148,151271,INLAND
-115.25,41.14,4,3867,497.0,3836,284,9.1632,436016,NEAR BAY
-122.34,34.21,28,3871,955.0,4180,97,2.4246,269086,<1H OCEAN
-123.61,34.76,8,3001,678.0,1048,645,6.773,417867,<1H OCEAN
-123.29,41.73,2,6173,1424.0,4519,365,1.2697,160487,INLAND
-124.12,34.22,41,6436,1557.0,1501,700,3.9142,263043,NEAR BAY
-123.36,40.62,46,285,37.0,1801,850,2.5847,257922,<1H OCEAN
-117.47,37.18,22,3315,563.0,2330,903,6.5926,382881,<1H OCEAN
-123.59,34.85,41,4432,572.0,4850,1462,7.6107,455431,<1H OCEAN
-121.11,40.77,16,2668,393.0,4708,329,3.5721,303378,<1H OCEAN
-115.85,36.73,29,6417,961.0,2984,1655,3.7466,220558,INLAND
-124.07,37.39,49,3819,691.0,3784,386,11.0186,500001,INLAND
-116.16,35.91,48,1836,284.0,3396,285,6.1304,268571,INLAND
-121.48,38.13,30,3783,503.0,1923,1037,1.4366,247068,<1H OCEAN
-123.12,34.05,12,7523,1066.0,4584,382,2.4438,247788,<1H OCEAN
-117.33,36.22,35,4209,585.0,3853,1785,2.5334,187906,<1H OCEAN
-118.01,41.71,11,3526,,2029,1574,5.0673,300489,<1H OCEAN
-115.53,34.95,46,2418,528.0,748,553,5.4896,302445,NEAR OCEAN
-116.95,38.74,50,6047,1486.0,1362,979,5.7338,355917,<1H OCEAN
-116.27,35.59,21,2417,428.0,3012,785,0.5,83592,<1H OCEAN
-121.48,39.85,21,6083,950.0,2988,1747,7.1611,439097,<1H OCEAN
-122.53,33.74,5,5167,,4837,313,1.9525,252961,<1H OCEAN
-116.79,41.71,48,2569,417.0,2350,1365,1.3611,172947,INLAND
-116.23,36.81,20,3838,609.0,3247,128,5.439,249096,NEAR OCEAN
-114.39,34.74,37,2703,406.0,176,226,8.2166,497881,<1H OCEAN
-120.17,33.2,3,1143,156.0,1241,511,6.3453,347440,INLAND
-120.58,34.11,44,5922,908.0,2689,907,3.9806,252301,<1H OCEAN
-116.54,37.44,33,3037,504.0,4439,1279,4.9028,246499,<1H OCEAN
-120.89,35.7,9,2860,593.0,3966,644,1.0991,160575,NEAR BAY
-114.99,40.37,9,7522,963.0,1416,647,1.0929,69515,<1H OCEAN
-115.72,36.59,4,3136,462.0,1069,1418,10.2632,487700,INLAND
-120.01,34.86,35,4644,1045.0,4129,397,2.9978,204411,<1H OCEAN
-116.79,38.36,17,7818,1087.0,4564,599,1.9441,155792,INLAND
-116.75,39.21,34,4147,682.0,4589,619,1.319,130400,NEAR OCEAN
-123.27,34.09,24,1876,435.0,734,1128,5.1402,374624,NEAR OCEAN
-115.27,34.09,32,1396,195.0,3679,1095,4.9535,318856,NEAR OCEAN
-119.25,32.85,1,4305,562.0,2937,451,3.893,285923,INLAND
-116.04,39.5,8,2987,546.0,1512,865,5.2404,289521,<1H OCEAN
-121.1,38.81,45,7632,1215.0,4136,1234,4.1862,252090,INLAND
-115.34,37.01,23,1661,320.0,2311,574,2.4192,112546,INLAND
-120.41,40.52,47,3518,789.0,4230,100,0.7114,160459,<1H OCEAN
-124.19,40.15,40,866,119.0,2891,1621,6.95,425084,<1H OCEAN
-115.25,38.06,12,6889,1346.0,1817,1158,5.0679,268909,NEAR OCEAN
-123.39,40.75,12,5818,1080.0,4230,1253,5.4193,303407,INLAND
-121.11,34.46,46,2376,329.0,3610,1154,5.706,344720,<1H OCEAN
-114.8,33.56,47,3943,793.0,2162,797,4.0246,244640,NEAR OCEAN
-114.79,35.06,15,800,124.0,4808,336,2.8184,190395,<1H OCEAN
-118.57,33.04,41,2852,523.0,676,1639,6.9707,418817,<1H OCEAN
-117.98,37.55,19,4622,604.0,4209,1736,2.9346,188426,INLAND
-119.82,41.4,26,4024,723.0,3464,406,3.4142,233487,<1H OCEAN
-121.37,32.87,52,4106,656.0,1425,684,2.2395,266561,INLAND
-121.01,33.66,29,1179,267.0,1231,707,5.8272,313848,<1H OCEAN
-117.57,36.8,22,2651,337.0,540,428,2.6906,198224,<1H OCEAN
-116.78,41.37,40,828,144.0,3779,250,4.4655,255036,<1H OCEAN
-116.38,35.5,21,1829,328.0,3584,1648,3.0675,222078,NEAR BAY
-116.4,37.32,51,7978,1709.0,3346,211,0.9036,118767,<1H OCEAN
-123.39,32.89,38,3896,758.0,1990,336,5.788,342332,<1H OCEAN
-119.36,33.91,20,3630,750.0,4458,551,4.6699,276134,<1H OCEAN
-123.72,41.87,29,3874,856.0,1932,1449,2.5176,139379,<1H OCEAN
-118.8,41.67,51,4129,958.0,4958,1043,3.932,275154,<1H OCEAN
-119.88,32.55,4,2965,476.0,3037,33,5.9494,362993,<1H OCEAN
-115.42,41.54,7,7384,1402.0,3209,892,8.9016,500001,INLAND
-120.79,38.57,28,4569,1047.0,4825,877,3.6577,260487,INLAND
-123.13,40.75,28,4980,1238.0,4580,833,3.2109,282343,NEAR OCEAN
-122.87,36.82,4,315,74.0,731,1334,3.5708,248802,INLAND
-116.68,37.4,22,5156,867.0,1123,244,2.2794,85163,INLAND
-118.12,37.14,12,2203,320.0,2437,1001,3.4635,223759,<1H OCEAN
-123.29,38.84,45,892,163.0,2444,1663,2.126,184171,INLAND
-123.46,33.83,3,3362,727.0,2743,1473,2.3712,176154,INLAND
-117.29,32.78,22,1305,240.0,1420,130,1.6131,165802,<1H OCEAN
-123.57,35.43,44,6667,1218.0,4794,992,2.9988,269559,NEAR OCEAN
-116.08,39.19,2,3208,734.0,4390,1574,3.1349,205909,<1H OCEAN
-117.24,34.42,24,2361,394.0,2206,602,4.1907,249147,<1H OCEAN
-123.49,38.9,34,6088,1411.0,2630,1362,1.045,149147,<1H OCEAN
-123.45,41.71,27,7425,1283.0,4441,687,5.1395,312914,NEAR OCEAN
-114.43,33.39,41,353,57.0,2209,968,2.6055,191628,INLAND
-120.56,38.89,1,6196,1109.0,3298,1563,0.5,77794,NEAR OCEAN
-120.59,36.72,8,5723,1254.0,3781,1116,4.7112,282052,<1H OCEAN
-116.17,40.75,23,3899,531.0,3879,1686,2.2438,139195,INLAND
-114.83,34.18,38,5585,812.0,1677,255,8.8122,471149,<1H OCEAN
-114.44,39.08,6,4610,1123.0,3522,134,1.3345,108501,NEAR OCEAN
-116.77,40.46,22,3986,569.0,77,801,3.8282,277157,<1H OCEAN
-120.54,41.47,25,1264,244.0,2035,1478,1.4903,192138,<1H OCEAN
-123.46,38.99,18,4400,859.0,4203,1308,0.5,99442,<1H OCEAN
-116.53,37.22,17,6220,1142.0,1571,458,10.6422,500001,NEAR OCEAN
-118.72,38.37,12,2113,430.0,346,463,2.6385,181533,INLAND
-120.06,40.75,6,1416,212.0,2231,1260,1.8493,188434,<1H OCEAN
-115.24,37.92,26,5720,1097.0,3452,1081,4.7648,299299,INLAND
-123.19,32.79,27,7645,,2346,711,3.6291,305244,NEAR BAY
-119.37,41.34,8,2601,535.0,2647,1389,0.5,109882,NEAR OCEAN
-124.19,39.05,19,7359,1018.0,951,617,1.5745,205878,INLAND
-119.61,38.93,42,1972,382.0,1148,1681,1.5894,169010,<1H OCEAN
-123.74,34.55,1,2160,311.0,1727,1122,0.8941,139030,<1H OCEAN
-123.11,38.76,29,2980,465.0,2931,895,2.2566,203561,NEAR BAY
-123.12,36.24,45,5899,875.0,4916,775,2.7272,214539,<1H OCEAN
-117.81,38.69,49,5004,719.0,1428,1566,5.6415,335365,<1H OCEAN
-116.84,33.51,35,7623,1733.0,1298,1220,3.2471,213492,INLAND
-118.47,38.75,40,4946,777.0,3785,893,0.7078,112788,NEAR OCEAN
-114.68,41.99,14,3071,738.0,4291,1783,1.7559,151466,<1H OCEAN
-120.55,32.96,35,5242,1290.0,1314,397,4.5784,314950,INLAND
-121.44,41.78,48,860,167.0,1957,280,3.3954,349345,NEAR OCEAN
-115.61,36.37,45,6442,892.0,1108,888,2.1293,140277,<1H OCEAN
-122.06,40.77,20,2835,478.0,2799,885,0.6385,223210,<1H OCEAN
-114.67,39.93,49,2529,565.0,2098,1739,9.5306,480053,ISLAND
-124.18,37.89,13,4154,696.0,4298,1223,11.2474,500001,NEAR BAY
-114.6,39.52,38,2650,347.0,2526,1143,3.8775,226540,NEAR OCEAN
-123.87,40.85,49,1332,256.0,4066,590,2.5463,178753,INLAND
-115.39,36.34,46,899,206.0,4653,1499,1.8568,141262,<1H OCEAN
-119.02,35.61,49,6542,1461.0,3247,323,3.4989,234346,NEAR OCEAN
-114.37,38.84,8,7670,1095.0,4636,948,7.2021,393036,<1H OCEAN
-123.56,40.17,43,2238,464.0,3603,1203,2.8258,209849,NEAR OCEAN
-118.76,39.74,20,6670,991.0,4490,1185,1.5648,133640,NEAR OCEAN
-114.61,40.08,33,6497,963.0,1811,462,8.9098,479840,INLAND
-119.07,36.64,26,4847,1132.0,270,88,1.3762,115825,NEAR OCEAN
-118.01,40.27,39,4700,716.0,4868,998,1.8851,99736,NEAR OCEAN
-117.34,33.64,21,4757,733.0,4673,865,3.6667,236214,<1H OCEAN
-119.75,37.67,49,2379,285.0,2938,228,1.4455,183326,INLAND
-118.02,32.55,42,3038,708.0,1714,244,4.6362,299424,<1H OCEAN
-118.46,35.58,43,1073,239.0,4036,927,2.396,186124,INLAND
-115.29,35.98,41,283,57.0,4626,1614,0.8172,133748,<1H OCEAN
-123.85,36.26,9,1622,352.0,3027,501,4.7243,337685,<1H OCEAN
-121.49,39.11,24,7097,991.0,1921,1797,13.7329,500001,NEAR OCEAN
-114.8,36.19,37,2875,516.0,1512,276,4.1293,251536,NEAR BAY
-115.4,36.76,49,3380,559.0,394,411,8.8043,464644,<1H OCEAN
-119.74,34.76,41,4516,596.0,94,1020,7.0056,398661,INLAND
-118.1,36.05,17,4175,764.0,2118,1292,2.0197,195526,INLAND
-121.53,34.66,24,6896,1652.0,1564,956,2.6408,256312,NEAR BAY
-122.42,33.2,21,1591,199.0,2648,1420,4.8143,347268,INLAND
-119.66,38.23,51,3418,539.0,1051,1221,5.5264,255851,INLAND
-120.77,38.85,39,4407,647.0,1083,589,3.8696,257447,NEAR BAY
-118.46,38.39,41,814,122.0,2090,1104,10.1413,489935,<1H OCEAN
-123.52,36.9,39,5877,1399.0,323,1663,7.0962,417640,NEAR OCEAN
-114.56,36.11,13,3171,573.0,2697,1781,3.8939,195387,NEAR OCEAN
-114.44,40.7,11,3765,680.0,1829,718,4.3893,273302,NEAR BAY
-117.32,37.43,46,3776,826.0,4526,409,0.5,122161,<1H OCEAN
-118.94,37.05,19,4770,668.0,528,503,4.9961,300835,<1H OCEAN
-121.2,32.74,11,7179,1316.0,565,1133,4.6375,302500,NEAR OCEAN
-116.16,35.74,13,6209,1092.0,4336,726,1.8247,152633,<1H OCEAN
-117.45,36.11,46,470,92.0,1241,1420,1.2366,179478,INLAND
-122.67,36.29,45,4266,1066.0,2718,1514,1.2346,232851,<1H OCEAN
-115.19,38.01,1,2668,587.0,1461,940,6.9291,328833,<1H OCEAN
-116.07,37.57,40,6216,1067.0,3330,1592,0.6075,45687,<1H OCEAN
-114.8,38.28,44,7050,1604.0,321,1505,2.0145,97959,INLAND
-117.04,39.77,19,1590,226.0,192,1517,0.7779,66063,<1H OCEAN
-118.17,40.22,12,7647,947.0,3382,989,1.3595,139781,INLAND
-120.12,39.32,8,3554,520.0,837,507,1.4715,141600,INLAND
-114.97,41.58,8,4335,712.0,1731,1033,0.5,56019,INLAND
-115.64,32.67,45,6278,1170.0,672,955,2.8067,217855,INLAND
-123.85,34.36,12,6532,1306.0,3891,1473,1.2095,162961,<1H OCEAN
-124.04,32.57,48,7531,1795.0,3726,736,5.3051,276930,<1H OCEAN
-120.54,38.65,33,5289,985.0,2622,1267,7.5697,471063,<1H OCEAN
-116.19,41.03,45,6308,1168.0,3310,1422,3.9352,254291,INLAND
-114.43,34.81,26,3807,481.0,4762,883,2.8107,199832,INLAND
-122.8,41.31,39,2783,346.0,116,1167,6.5428,400645,INLAND
-118.36,33.07,28,4273,818.0,4336,1046,1.0564,114246,<1H OCEAN
-120.49,41.38,5,3275,579.0,4666,783,2.4052,148813,INLAND
-114.6,35.84,8,4106,940.0,1190,532,1.0744,132214,<1H OCEAN
-115.88,33.46,25,489,68.0,2364,1689,2.5954,147892,NEAR OCEAN
-115.92,37.12,27,2680,330.0,2582,846,5.8844,299865,<1H OCEAN
-119.61,34.94,46,6814,1215.0,3630,617,3.9845,237026,NEAR BAY
-120.15,35.21,23,3452,520.0,1237,1364,2.1227,242165,INLAND
-121.57,35.42,30,7615,962.0,4521,1522,3.1134,264936,<1H OCEAN
-123.74,40.13,45,6971,1493.0,4798,737,1.2055,177259,<1H OCEAN
-115.65,37.62,47,478,64.0,3389,1097,1.6122,132237,<1H OCEAN
-116.17,35.46,23,3124,621.0,598,1468,2.8679,166144,<1H OCEAN
-114.3,38.3,49,780,122.0,4137,1751,11.7041,500001,<1H OCEAN
-114.33,39.3,47,5158,735.0,122,1299,8.6415,427302,INLAND
-118.75,35.09,20,453,76.0,248,1137,1.3528,133936,<1H OCEAN
-116.61,36.43,18,4476,1003.0,3251,236,1.2241,136610,NEAR OCEAN
-114.85,33.66,18,4976,850.0,1831,180,3.3028,192901,<1H OCEAN
-115.8,34.22,2,1024,222.0,621,697,1.8964,130918,NEAR OCEAN
-121.83,38.97,4,7876,1073.0,840,557,1.1553,193758,INLAND
-119.79,34.22,30,4032,888.0,1688,194,3.6381,214622,<1H OCEAN
-123.01,37.49,33,899,135.0,1881,946,0.6546,105753,<1H OCEAN
-114.76,39.24,36,6909,1437.0,1905,1198,4.8598,306535,<1H OCEAN
-118.24,33.52,18,5645,1092.0,1224,1039,0.5,78147,<1H OCEAN
-122.01,37.89,37,1580,380.0,3790,66,7.7094,500001,INLAND
-117.58,34.94,19,4096,697.0,3327,362,3.8041,218861,INLAND
-118.12,41.65,47,1873,240.0,228,432,1.7025,137844,NEAR OCEAN
-120.72,37.09,28,2927,358.0,2294,443,9.7198,500001,INLAND
-123.16,40.16,40,6734,1531.0,4136,74,6.582,391028,NEAR BAY
-117.58,37.73,20,5934,1116.0,784,1455,4.5542,278036,NEAR BAY
-119.1,32.91,49,6253,1380.0,848,235,4.3904,318575,NEAR OCEAN
-116.58,38.51,33,3356,504.0,837,91,0.9022,79373,INLAND
-119.1,41.54,12,3588,591.0,2845,449,3.6422,229176,<1H OCEAN
-115.78,38.22,51,4507,558.0,4354,897,6.1669,357517,<1H OCEAN
-118.78,40.28,15,5834,1429.0,4638,1521,4.5271,324183,INLAND
-118.69,40.9,41,583,120.0,3134,849,5.0374,264216,<1H OCEAN
-115.53,34.67,39,6010,1450.0,2968,48,3.1403,150369,<1H OCEAN
-120.27,34.51,2,541,83.0,781,394,5.1118,324957,INLAND
-122.96,38.3,29,6134,1223.0,1179,1353,5.3422,353813,<1H OCEAN
-124.01,36.4,41,2187,455.0,3496,1060,1.1413,162197,INLAND
-116.75,40.48,10,4259,686.0,1655,457,3.1177,220723,<1H OCEAN
-118.1,41.05,2,5139,1183.0,3828,1170,2.2921,172737,INLAND
-117.26,35.86,51,3309,804.0,2795,609,6.1382,373827,NEAR OCEAN
-122.17,34.75,11,4282,1006.0,3220,1560,0.8984,188202,<1H OCEAN
-122.94,39.91,13,5830,1259.0,4739,575,0.6089,151067,INLAND
-124.15,35.11,10,4715,735.0,2983,1759,4.8294,268470,NEAR OCEAN
-120.79,40.31,14,2998,469.0,1265,354,0.5725,132371,<1H OCEAN
-118.4,36.53,18,3440,843.0,374,84,3.2364,174412,<1H OCEAN
-120.38,38.84,51,2188,265.0,1900,807,8.8569,462337,<1H OCEAN
-119.93,33.41,9,6228,1327.0,1540,1021,3.1839,283418,INLAND
-115.26,38.43,39,3614,765.0,943,71,0.5,27143,INLAND
-120.82,36.79,28,2049,411.0,1440,1350,0.5,124807,<1H OCEAN
-119.16,38.07,3,505,125.0,3439,260,1.0065,149171,INLAND
-116.46,34.1,20,3813,612.0,4289,482,3.0477,266722,<1H OCEAN
-120.33,39.5,6,2949,484.0,4529,423,1.2477,157638,NEAR OCEAN
-118.08,40.7,27,5164,672.0,2313,1575,0.7615,111781,<1H OCEAN
-115.68,34.56,2,6880,1221.0,3482,1411,7.6341,405216,NEAR OCEAN
-114.8,33.41,29,1335,205.0,2421,1497,1.8637,173876,<1H OCEAN
-122.83,32.72,38,5730,943.0,3136,1181,4.8477,353064,INLAND
-115.03,38.6,3,405,92.0,4362,720,1.0514,88880,INLAND
-119.38,38.27,16,7552,1824.0,1565,1458,1.1108,164887,INLAND
-121.72,37.69,30,7749,1116.0,2967,421,8.5498,500001,<1H OCEAN
-119.71,34.7,40,4791,806.0,2402,1246,1.975,126512,NEAR OCEAN
-114.5,36.21,2,3650,878.0,1217,633,2.5925,126449,<1H OCEAN
-119.37,38.15,17,7414,949.0,160,910,0.5,97790,INLAND
-121.01,37.22,41,6205,819.0,4377,1796,6.5781,414482,INLAND
-117.97,41.88,12,4011,566.0,3705,1131,3.2791,246049,NEAR OCEAN
-121.9,33.8,35,3822,754.0,3843,114,11.1208,500001,INLAND
-123.54,39.1,43,3799,530.0,1805,1083,2.5003,213964,<1H OCEAN
-123.01,36.34,1,2751,676.0,1627,1778,4.324,339552,INLAND
-123.02,36.57,45,5341,951.0,1346,78,4.8001,330644,INLAND
-122.78,39.32,15,4508,834.0,3824,1198,3.4545,241007,NEAR BAY
-122.91,39.08,26,509,77.0,2270,98,2.4806,184907,NEAR OCEAN
-117.89,41.92,37,2908,527.0,1022,1111,5.3916,350336,INLAND
-122.48,33.72,21,2191,451.0,1080,726,4.0873,257922,<1H OCEAN
-120.84,33.49,49,7096,1544.0,2643,1627,1.6854,179265,NEAR OCEAN
-115.33,39.38,31,471,102.0,4042,508,6.9422,461409,INLAND
-119.56,37.99,25,3842,749.0,4663,849,5.2358,332992,NEAR BAY
-117.62,35.1,23,4286,1018.0,963,1498,2.475,172999,<1H OCEAN
-122.58,33.25,24,2022,457.0,2231,1349,3.511,242397,<1H OCEAN
-122.38,33.31,38,7281,1590.0,3247,1731,4.6203,405130,<1H OCEAN
-123.89,40.99,28,3473,441.0,1512,1224,3.9305,305190,INLAND
-122.61,34.32,21,6375,770.0,2428,1628,10.545,500001,NEAR BAY
-121.51,35.57,43,4738,699.0,3504,176,2.6092,258068,<1H OCEAN
-122.53,34.65,18,6505,1341.0,3603,1537,3.4803,311813,INLAND
-123.41,35.87,36,7110,1233.0,1357,1359,10.5369,500001,INLAND
-123.09,33.16,35,4549,783.0,1239,1726,4.7386,295809,INLAND
-119.69,37.43,45,720,169.0,737,1706,4.9047,334718,<1H OCEAN
-122.24,33.14,9,1176,278.0,4711,1045,4.0942,343686,NEAR OCEAN
-120.66,40.1,38,3922,934.0,1257,638,1.7817,199937,<1H OCEAN
-119.27,34.72,30,3751,603.0,1944,475,2.8304,203948,INLAND
-117.4,37.63,44,4305,903.0,4972,250,1.5002,148149,<1H OCEAN
-123.91,40.86,34,2973,461.0,1861,1608,6.1881,369576,INLAND
-116.31,38.68,32,2752,398.0,3233,1431,4.7758,274556,NEAR OCEAN
-118.02,37.56,3,3032,436.0,3847,1673,2.2463,172103,<1H OCEAN
-123.48,35.58,3,4107,675.0,1694,1319,3.8045,360512,<1H OCEAN
-115.56,35.66,28,5879,1034.0,4018,124,2.5569,199293,INLAND
-115.09,38.86,44,6779,1545.0,2766,291,3.7537,305461,INLAND
-123.69,41.94,15,5430,736.0,240,926,5.3519,336354,INLAND
-121.53,38.79,41,352,75.0,1385,1124,3.4077,286115,<1H OCEAN
-116.24,37.8,23,5954,1125.0,4853,248,9.1333,440961,<1H OCEAN
-116.82,39.44,40,3164,498.0,3156,1586,1.6324,185826,<1H OCEAN
-122.45,36.92,11,3116,573.0,428,121,1.3055,175040,<1H OCEAN
-122.21,33.07,48,7469,1187.0,4532,156,2.5435,332711,NEAR OCEAN
-120.6,37.84,32,3000,592.0,3879,109,5.9037,337680,<1H OCEAN
-119.45,41.6,36,6152,1085.0,665,1291,4.028,290113,<1H OCEAN
-118.12,34.17,33,5510,778.0,2380,1012,0.6755,53404,<1H OCEAN
-120.61,39.06,24,1952,263.0,1804,1425,0.9283,131276,<1H OCEAN
-119.67,34.41,39,2810,536.0,513,945,9.4494,500001,INLAND
-116.83,37.59,34,4075,967.0,1016,515,3.1678,188937,INLAND
-123.93,33.42,28,1304,214.0,4317,723,6.1724,363872,<1H OCEAN
-121.78,36.78,37,2736,589.0,3208,54,2.8257,285170,<1H OCEAN
-117.17,39.68,7,5190,1067.0,3674,185,5.946,357506,<1H OCEAN
-115.35,35.8,4,5407,1303.0,4988,1570,2.2264,97193,NEAR OCEAN
-119.18,38.82,37,7561,1714.0,739,661,1.4145,126031,INLAND
-118.98,40.06,1,4399,851.0,2672,1583,4.286,307822,<1H OCEAN
-123.23,41.31,1,4054,832.0,2262,1763,9.5204,500001,INLAND
-119.83,34.73,47,7463,1767.0,432,1110,2.1778,223458,INLAND
-118.97,36.29,20,3694,635.0,2306,1658,1.1227,150506,NEAR OCEAN
-121.88,33.95,19,2114,343.0,3860,48,8.5422,500001,NEAR BAY
-121.61,41.93,29,7565,918.0,3553,1437,0.62,195640,<1H OCEAN
-120.53,41.31,10,3272,744.0,1462,1246,1.0305,150107,<1H OCEAN
-124.1,37.63,18,1206,270.0,1633,266,1.0479,203584,<1H OCEAN
-121.08,40.5,28,606,80.0,421,1440,5.2754,379582,NEAR OCEAN
-122.19,37.45,35,5697,1110.0,660,1479,8.2319,500001,NEAR BAY
-121.03,38.42,43,366,65.0,165,306,5.2361,371849,INLAND
-123.1,33.35,47,708,95.0,496,1280,2.4839,237269,<1H OCEAN
-115.39,39.68,31,1861,460.0,1441,774,3.8684,247042,<1H OCEAN
-118.36,33.71,27,6656,984.0,3374,581,4.1201,249743,<1H OCEAN
-117.51,40.35,11,3864,,1390,1376,5.1793,316455,<1H OCEAN
-116.41,39.93,49,3689,727.0,4560,1206,5.02,317115,INLAND
-119.32,39.23,49,5058,1092.0,2989,668,7.76,461770,<1H OCEAN
-123.43,32.84,38,880,109.0,3749,266,1.7972,210775,<1H OCEAN
-118.93,35.38,5,2724,560.0,1123,1027,5.2036,356258,INLAND
-118.43,35.0,8,2320,438.0,4863,84,2.1356,202611,<1H OCEAN
-116.85,35.92,34,5460,728.0,3619,1489,4.7576,297337,<1H OCEAN
-119.98,33.33,48,4877,694.0,3200,713,3.5666,215856,<1H OCEAN
-123.02,41.4,52,4557,883.0,1655,138,1.9552,167943,NEAR OCEAN
-121.46,37.76,12,1563,247.0,4707,1237,2.6487,249150,NEAR OCEAN
-120.67,35.4,38,1531,370.0,2344,1421,1.1073,155608,<1H OCEAN
-117.84,36.27,1,2492,564.0,3712,1251,0.5,133509,INLAND
-118.59,36.75,31,1738,430.0,4532,1424,2.4597,101308,<1H OCEAN
-120.74,38.21,4,3608,554.0,4847,402,11.4166,500001,INLAND
-114.43,37.4,49,7942,1954.0,1033,1002,0.5,74176,INLAND
-118.24,41.23,45,760,133.0,401,1550,10.427,500001,NEAR OCEAN
-121.93,37.22,50,1299,214.0,1774,1652,1.2963,214577,INLAND
-123.28,41.93,5,2103,266.0,2001,230,0.7878,126265,ISLAND
-122.77,40.59,30,374,47.0,1329,878,1.8026,177487,NEAR BAY
-121.84,34.48,24,2356,494.0,1957,538,2.6121,263682,NEAR OCEAN
-122.69,41.34,3,2430,436.0,4898,1375,3.0592,307318,INLAND
-122.43,33.61,11,4487,670.0,1074,304,0.5,185824,<1H OCEAN
-121.45,40.27,45,4360,871.0,595,240,2.2302,260051,<1H OCEAN
-122.57,36.12,4,4120,629.0,4224,533,0.5,157017,<1H OCEAN
-115.33,40.84,26,7306,,2431,1171,3.4928,247065,<1H OCEAN
-123.5,40.75,27,1697,282.0,938,732,8.6023,500001,INLAND
-119.05,40.16,46,4054,920.0,1155,1607,2.7414,219293,INLAND
-120.2,40.01,43,3371,764.0,2599,71,1.0959,123262,NEAR OCEAN
-114.48,35.39,27,1767,321.0,2040,344,1.021,90289,<1H OCEAN
-123.18,33.27,42,7207,1193.0,4048,817,2.671,260746,<1H OCEAN
-120.32,36.33,51,1351,225.0,3825,358,0.5,102968,NEAR OCEAN
-114.61,34.15,50,7819,1757.0,2862,1070,2.4682,130291,<1H OCEAN
-115.64,39.1,6,6233,1013.0,970,312,2.6054,161542,<1H OCEAN
-116.13,35.79,15,568,83.0,4695,972,1.6953,184904,ISLAND
-121.72,41.77,30,5146,674.0,2111,287,6.0549,413606,NEAR OCEAN
-122.59,38.59,42,242,43.0,4537,604,1.7167,221420,<1H OCEAN
-117.61,40.31,37,2107,384.0,3689,603,3.8664,223346,NEAR OCEAN
-115.01,33.76,37,3690,846.0,3215,641,4.0557,264182,INLAND
-118.73,40.69,42,2735,406.0,4485,1072,7.5152,429416,NEAR OCEAN
-118.58,41.27,37,4373,741.0,2694,1582,2.9121,160245,NEAR OCEAN
-121.5,37.13,35,3073,691.0,4902,866,1.5407,217372,<1H OCEAN
-116.61,38.26,23,2024,459.0,1095,452,3.269,160101,INLAND
-122.43,39.77,6,1493,253.0,3606,1519,5.4584,373901,<1H OCEAN
-121.06,34.16,4,4969,892.0,2731,1426,5.4793,363545,<1H OCEAN
-120.05,37.27,18,4996,796.0,3249,787,5.0753,374641,NEAR OCEAN
-119.22,36.29,9,5054,1219.0,988,792,1.8503,172483,INLAND
-121.88,33.89,49,6219,842.0,4993,1134,3.2165,295658,INLAND
-123.15,35.99,29,7071,1706.0,491,1604,3.0334,236754,NEAR OCEAN
-118.19,33.15,13,3586,749.0,2600,1601,5.9402,366219,NEAR BAY
-121.41,32.75,47,3172,599.0,4275,453,0.9721,155478,NEAR OCEAN
-118.49,33.78,52,4122,512.0,646,458,5.0161,331893,INLAND
-122.76,41.65,17,5197,944.0,1555,1441,3.6671,274555,<1H OCEAN
-119.49,37.72,45,7232,1251.0,911,1762,14.3391,500001,<1H OCEAN
-118.97,41.68,32,1192,168.0,2690,1723,5.9812,331644,<1H OCEAN
-123.78,36.61,48,5487,1126.0,3781,233,1.3612,106722,<1H OCEAN
-120.93,35.46,22,2586,636.0,1601,225,2.9528,180162,INLAND
-122.96,37.31,4,2440,471.0,3286,757,3.9648,292470,INLAND
-123.67,36.68,5,1676,356.0,1786,314,1.909,180065,NEAR BAY
-114.4,33.5,37,6626,854.0,1499,225,1.9577,153232,INLAND
-121.08,38.59,41,3607,628.0,314,336,6.2064,394788,INLAND
-116.2,34.55,49,589,79.0,2709,1717,1.8236,213998,<1H OCEAN
-121.75,38.39,13,1199,239.0,2771,43,10.7764,500001,<1H OCEAN
-117.48,38.68,34,4820,1166.0,1512,1199,2.6532,145274,<1H OCEAN
-116.7,33.94,45,7607,1567.0,4302,1110,0.5,52712,NEAR OCEAN
-118.34,33.08,22,2055,267.0,1495,752,2.3711,178897,<1H OCEAN
-119.58,39.92,23,5802,963.0,2348,809,2.4219,179782,INLAND
-120.18,36.87,51,858,164.0,2975,1263,3.7512,225141,INLAND
-120.81,33.05,3,2963,510.0,1682,558,2.0707,199909,<1H OCEAN
-115.0,41.95,42,3863,882.0,2424,827,2.3031,161062,<1H OCEAN
-115.99,33.05,34,5186,1171.0,562,373,4.4169,308029,INLAND
-114.65,39.1,32,7922,1580.0,265,1768,5.6309,283871,<1H OCEAN
-123.06,41.84,45,1681,283.0,3381,1664,1.3476,160925,NEAR OCEAN
-116.99,34.77,51,7456,1142.0,2222,1332,2.8078,239087,INLAND
-114.92,33.85,49,3931,525.0,3203,238,0.5,90921,INLAND
-122.49,33.65,21,7462,1239.0,1756,670,4.7294,325835,NEAR OCEAN
-123.64,35.38,46,651,113.0,2156,1388,2.7429,198806,INLAND
-116.89,33.46,44,2675,556.0,1617,1341,2.4124,136683,NEAR BAY
-118.56,39.08,21,3422,703.0,2258,281,3.4707,232283,<1H OCEAN
-115.88,33.09,44,1737,224.0,2381,1318,3.0622,229801,INLAND
-122.9,37.34,11,7743,1327.0,2203,300,2.4214,276837,<1H OCEAN
-116.35,41.97,39,3293,472.0,1178,949,4.3119,212003,<1H OCEAN
-122.28,40.23,4,1082,151.0,3560,1753,3.1019,322846,<1H OCEAN
-122.66,38.34,51,4608,1048.0,4373,448,11.709,500001,INLAND
-122.66,35.41,1,4268,535.0,3703,1779,7.9457,480060,<1H OCEAN
-116.15,38.43,28,5135,896.0,2415,824,4.6401,258182,<1H OCEAN
-117.65,37.51,24,2766,392.0,4947,1264,2.2838,113180,ISLAND
-119.07,36.55,35,3477,814.0,2971,1418,1.4015,160375,NEAR OCEAN
-120.71,33.74,13,574,110.0,4617,1129,4.3385,261168,INLAND
-115.53,40.92,47,4746,712.0,1129,1713,8.54,421934,NEAR OCEAN
-120.38,36.77,34,3897,722.0,3561,1374,5.358,350901,NEAR BAY
-116.13,34.35,11,3262,701.0,2791,754,15.0,500001,INLAND
-119.91,35.99,36,4890,1195.0,3070,462,0.6443,77913,<1H OCEAN
-120.53,36.43,51,3450,512.0,278,138,6.8595,445966,NEAR OCEAN
-119.67,40.36,17,5529,1300.0,220,670,2.5161,201931,INLAND
-121.29,39.47,35,4795,1157.0,344,1575,1.7754,187746,<1H OCEAN
-116.82,39.81,18,4759,1138.0,4334,1100,5.9654,336494,INLAND
-119.27,32.6,40,7491,1517.0,475,408,1.8981,185713,<1H OCEAN
-121.98,36.45,22,312,62.0,968,1149,2.3827,328023,NEAR BAY
-115.3,37.07,24,5331,919.0,3303,987,3.4044,179305,<1H OCEAN
-120.46,32.68,19,3397,739.0,548,132,5.755,327284,NEAR BAY
-118.86,34.97,37,7932,1499.0,2859,921,2.71,216432,NEAR OCEAN
-115.24,39.72,39,2578,536.0,875,883,3.5134,236645,INLAND
-118.06,33.8,21,2124,373.0,3829,1199,1.8761,114469,INLAND
-123.13,37.59,8,7650,1645.0,1908,1080,3.1769,223763,<1H OCEAN
-114.9,34.54,28,339,77.0,2168,1785,6.1051,327435,<1H OCEAN
-118.02,32.62,5,1624,225.0,195,559,4.8759,290243,<1H OCEAN
-120.95,34.79,17,3149,718.0,4615,708,3.4462,269807,INLAND
-122.91,41.77,37,3368,640.0,3627,1018,1.8792,162318,INLAND
-116.36,40.11,36,716,164.0,242,1135,0.8906,103922,<1H OCEAN
-118.1,41.62,19,2816,495.0,3938,457,7.1837,372357,<1H OCEAN
-118.97,37.13,27,6243,1056.0,101,1637,0.7525,76093,NEAR BAY
-115.36,33.54,34,7189,1717.0,2460,851,5.6183,312127,<1H OCEAN
-116.41,37.71,11,7436,1135.0,1870,1532,2.7237,181938,NEAR OCEAN
-122.78,36.82,45,6461,1484.0,3014,1215,2.5256,261972,<1H OCEAN
-121.18,40.52,47,1087,198.0,2571,961,1.1074,146421,INLAND
-121.82,33.43,12,7426,1387.0,1919,1455,2.3425,279586,<1H OCEAN
-116.86,37.14,21,3304,528.0,2618,1561,1.3085,76252,INLAND
-123.96,33.93,11,5637,1096.0,1917,1091,3.6536,246842,INLAND
-118.6,35.58,39,249,40.0,2788,540,4.4814,289664,<1H OCEAN
-116.68,39.5,28,4151,519.0,3319,422,0.8034,116327,INLAND
-115.53,37.02,5,3760,584.0,3249,742,4.5906,283302,INLAND
-120.88,36.07,17,218,26.0,2629,523,5.1403,366199,INLAND
-116.09,36.25,20,5021,1241.0,4055,1253,3.4038,201504,NEAR OCEAN
-123.19,36.86,41,6540,1605.0,4985,1308,1.3856,185716,<1H OCEAN
-115.84,39.96,46,1673,286.0,290,1232,7.1052,436746,INLAND
-123.03,40.97,12,4261,914.0,3490,576,3.0833,238626,NEAR BAY
-120.33,41.58,6,2806,462.0,4681,623,8.1426,500001,NEAR OCEAN
-116.33,39.98,17,651,134.0,1457,418,6.1307,364664,NEAR BAY
-122.8,35.5,51,6632,1490.0,3552,1451,3.551,275138,<1H OCEAN
-122.01,39.04,19,5460,1327.0,4088,1785,1.9274,269761,NEAR OCEAN
-117.08,36.66,26,5403,929.0,132,187,1.2301,124244,INLAND
-117.1,34.92,48,3965,879.0,3818,1057,5.174,322858,<1H OCEAN
-117.89,40.49,44,2638,407.0,1000,196,0.946,124003,NEAR OCEAN
-117.36,32.87,44,7958,1979.0,660,1521,2.0801,145950,INLAND
-118.87,41.07,52,4510,556.0,4719,989,3.113,153943,<1H OCEAN
-121.78,36.88,32,1749,347.0,3655,438,6.6028,480242,<1H OCEAN
-120.84,38.55,6,6558,1349.0,4604,1465,0.5,73969,NEAR OCEAN
-122.48,38.76,36,3674,769.0,3333,1257,3.4366,255018,<1H OCEAN
-115.22,41.0,38,327,44.0,2223,223,1.616,119925,<1H OCEAN
-118.47,38.55,11,6141,1486.0,3534,264,1.9668,125196,<1H OCEAN
-120.29,38.33,33,7844,1126.0,1572,747,6.5284,398654,<1H OCEAN
-119.68,33.13,24,5055,1015.0,2651,1203,6.5177,369591,NEAR OCEAN
-114.83,37.42,23,6747,1004.0,2707,1212,3.6754,247309,INLAND
-122.77,33.93,15,7396,1182.0,2209,1332,6.586,372884,INLAND
-118.44,39.51,27,6111,1167.0,2499,845,7.1581,375152,NEAR BAY
-119.24,37.37,11,6681,1164.0,3880,433,1.3721,141764,INLAND
-118.19,38.96,51,7174,1010.0,171,922,7.4965,409809,<1H OCEAN
-124.12,32.9,50,2961,421.0,4418,707,10.7721,500001,NEAR OCEAN
-115.58,33.31,17,4656,811.0,1367,1364,1.0777,81274,INLAND
-114.98,39.31,51,4864,1062.0,4543,97,6.2336,325174,<1H OCEAN
-118.65,33.18,14,1615,382.0,2568,1516,4.2333,280201,INLAND
-117.33,33.18,27,6561,859.0,1280,117,0.5,22998,NEAR OCEAN
-115.08,32.62,18,5893,1008.0,1183,246,2.8765,199929,NEAR OCEAN
-117.23,41.59,28,5988,796.0,1351,30,0.5,111414,NEAR BAY
-122.77,39.51,51,401,48.0,4084,1188,1.365,146160,NEAR OCEAN
-118.54,35.86,47,6360,1310.0,1960,1750,5.2479,300337,NEAR OCEAN
-118.23,35.32,47,2569,509.0,1555,1404,4.0564,298764,NEAR OCEAN
-120.06,35.82,4,717,101.0,3235,169,3.6782,276334,<1H OCEAN
-116.94,39.86,7,7937,1193.0,1966,647,1.3584,139289,<1H OCEAN
-114.96,38.78,45,5644,694.0,4965,162,1.2966,146732,INLAND
-115.04,34.26,35,5731,1309.0,3598,1673,4.0616,295752,INLAND
-119.79,34.15,48,1541,380.0,2807,207,3.8562,260813,<1H OCEAN
-123.17,33.43,9,4976,684.0,2006,839,4.7654,311351,<1H OCEAN
-114.45,38.77,8,2188,328.0,228,1411,7.0825,405912,<1H OCEAN
-115.91,39.76,52,7449,1734.0,946,409,2.4026,163649,INLAND
-123.05,35.02,45,3745,900.0,1601,937,2.4181,194144,NEAR OCEAN
-115.09,32.7,17,5787,1010.0,541,687,8.0118,403292,NEAR BAY
-115.6,33.28,17,4720,597.0,110,479,4.5383,273863,INLAND
-119.11,41.69,49,6264,783.0,1127,615,4.1876,253514,NEAR OCEAN
-118.39,35.31,33,4002,778.0,2945,492,2.1094,156211,INLAND
-120.31,39.81,32,6008,1027.0,4210,1019,4.2284,255220,<1H OCEAN
-123.75,38.43,8,3475,429.0,3733,1161,2.9268,269312,<1H OCEAN
-120.95,36.13,19,3854,754.0,635,151,10.6643,500001,INLAND
-116.27,34.45,38,7362,894.0,4010,46,3.8783,215466,<1H OCEAN
-124.25,33.65,3,2634,585.0,3820,1249,6.2665,349992,INLAND
-120.97,38.34,5,5073,810.0,584,356,6.237,418632,INLAND
-120.32,39.86,13,6441,806.0,3512,347,3.4045,266368,<1H OCEAN
-118.93,38.62,47,7712,1515.0,4061,838,1.1277,112545,NEAR BAY
-115.1,37.54,46,6122,1051.0,3448,1532,6.0644,332854,INLAND
-120.84,32.9,31,407,100.0,2205,1305,3.1297,258582,<1H OCEAN
-120.83,41.7,16,5833,1112.0,1054,532,2.3164,192240,INLAND
-116.92,40.09,50,5955,927.0,2549,148,3.3327,168423,INLAND
-119.78,35.28,32,2833,601.0,376,1727,1.071,150229,<1H OCEAN
-122.05,41.81,22,6509,1010.0,4753,739,3.0621,301189,<1H OCEAN
-119.78,38.22,29,4317,1025.0,2756,1551,2.8796,229376,INLAND
-122.89,38.03,22,353,59.0,51,1539,4.3863,326379,NEAR BAY
-122.54,39.61,43,6258,1198.0,1083,74,2.2646,240983,INLAND
-119.32,40.21,3,7806,988.0,2531,343,4.1117,253003,NEAR OCEAN
-120.11,38.74,10,3566,625.0,174,1232,5.2561,309409,NEAR OCEAN
-115.15,33.72,42,4514,1030.0,1154,447,4.2487,216147,<1H OCEAN
-120.68,35.71,21,4964,1115.0,2749,585,0.8582,124831,INLAND
-118.49,41.32,16,1718,256.0,1911,1131,2.7411,213673,<1H OCEAN
-117.98,34.63,12,6573,981.0,2970,355,4.4561,312339,<1H OCEAN
-124.17,36.04,2,6363,1439.0,178,1743,5.5399,374147,INLAND
-117.66,36.6,41,2800,674.0,487,1410,1.6931,148642,INLAND
-122.52,36.67,24,5245,694.0,4896,1469,4.35,376353,<1H OCEAN
-114.69,38.32,35,2395,427.0,2598,544,2.3008,152382,NEAR OCEAN
-122.81,41.46,30,7475,1224.0,3179,243,2.9207,215573,INLAND
-120.15,34.79,30,4698,1095.0,1271,103,0.6534,179660,NEAR BAY
-123.45,33.65,47,4891,640.0,951,1616,0.5,139708,<1H OCEAN
-114.33,34.38,35,3754,553.0,3218,1632,2.6599,130957,NEAR BAY
-119.28,40.93,19,2614,569.0,4536,538,1.6996,203576,<1H OCEAN
-118.35,38.64,50,5733,726.0,3968,361,6.2817,332631,<1H OCEAN
-123.63,35.22,8,7676,1412.0,1117,1146,4.8864,301145,NEAR OCEAN
-116.8,40.25,26,3049,541.0,76,717,5.5654,345278,INLAND
-122.2,40.68,49,7261,1186.0,597,686,0.5771,231820,INLAND
-115.32,40.54,40,5453,934.0,2718,1572,1.9446,117016,INLAND
-122.25,41.23,7,1942,366.0,616,1322,2.6745,324482,<1H OCEAN
-122.39,34.9,30,1506,212.0,753,1429,1.0246,220247,INLAND
-123.93,39.67,7,4049,786.0,4330,1057,4.2964,260540,<1H OCEAN
-119.58,36.88,3,4368,981.0,3190,1191,2.0554,168975,INLAND
-118.65,40.5,1,4776,1045.0,1640,1284,3.8211,291916,<1H OCEAN
-123.64,39.42,36,7719,1080.0,4993,629,4.1681,237565,NEAR BAY
-116.54,39.88,25,4855,676.0,4744,1582,2.8875,234578,INLAND
-119.77,38.73,37,7693,1191.0,855,1105,4.4717,313058,INLAND
-119.06,34.19,1,5040,841.0,3841,1699,1.3963,156178,NEAR BAY
-119.89,37.68,15,5762,997.0,1407,1776,3.5644,252580,INLAND
-120.29,41.85,37,4395,915.0,3275,354,3.2381,300169,<1H OCEAN
-118.7,41.41,13,5378,684.0,3668,1021,6.5716,434143,<1H OCEAN
-122.75,32.91,40,2755,343.0,2176,1784,0.6483,136430,INLAND
-122.48,34.07,8,2505,428.0,2510,746,3.6114,322230,<1H OCEAN
-115.68,33.75,5,4708,991.0,595,752,3.187,260138,INLAND
-114.84,39.4,9,7819,1134.0,2778,306,2.3871,142250,<1H OCEAN
-120.57,40.27,1,1288,261.0,3784,565,0.5887,135514,<1H OCEAN
-121.59,34.53,36,2842,437.0,2612,1539,1.0975,225886,INLAND
-117.86,37.31,35,1377,323.0,2129,1569,2.0801,102340,NEAR BAY
-120.21,40.49,2,6304,1490.0,2691,181,3.6341,282154,INLAND
-124.05,39.46,40,6609,1048.0,3164,984,1.1806,109654,NEAR BAY
-122.74,37.65,23,5116,766.0,1976,1536,6.1958,410787,NEAR BAY
-117.14,38.11,9,7446,1291.0,666,288,2.9517,232754,<1H OCEAN
-117.71,37.33,34,7682,1162.0,3694,353,5.1358,227790,<1H OCEAN
-124.03,35.33,46,4957,1028.0,1253,1046,7.6398,456871,NEAR OCEAN
-122.08,37.87,14,3194,726.0,1809,898,1.4562,305567,NEAR OCEAN
-121.99,39.04,4,759,157.0,2615,1221,0.5,195015,INLAND
-117.58,40.8,30,3164,718.0,3224,717,2.5163,198209,ISLAND
-124.1,38.54,31,7234,1241.0,3131,339,1.1181,178760,<1H OCEAN
-123.26,39.73,38,1471,206.0,2680,832,11.0827,500001,<1H OCEAN
-116.3,34.02,11,2013,434.0,3211,1532,3.2655,232056,INLAND
-122.51,36.88,35,3115,519.0,4371,1109,3.3333,320049,INLAND
-117.77,32.59,8,809,167.0,719,649,1.3599,149034,<1H OCEAN
-121.92,34.84,3,2661,412.0,3218,502,6.2707,463669,<1H OCEAN
-123.31,39.4,14,4320,564.0,2171,1349,4.5001,277427,<1H OCEAN
-121.87,41.92,13,6324,1574.0,4128,490,2.4486,324673,INLAND
-117.08,33.44,45,483,67.0,4201,1377,4.0864,250260,NEAR OCEAN
-115.74,36.31,32,5768,1433.0,769,843,3.7516,202366,NEAR OCEAN
-116.0,40.1,34,3128,772.0,2650,875,4.7483,265561,INLAND
-120.33,34.44,45,4596,1025.0,3648,1194,2.2832,209975,INLAND
-117.62,37.77,19,1291,265.0,4719,696,3.2689,168145,INLAND
-122.25,39.46,38,5326,1039.0,716,291,2.2121,260082,<1H OCEAN
-121.37,38.35,16,1016,236.0,333,1473,1.7594,198691,<1H OCEAN
-115.34,34.29,2,7504,1182.0,3953,1797,3.6803,265276,<1H OCEAN
-124.17,35.88,40,7531,1361.0,3615,1294,1.1768,84027,NEAR OCEAN
-123.44,39.95,17,282,56.0,2284,384,7.9123,485691,NEAR OCEAN
-122.22,37.77,34,2120,367.0,4643,799,3.4614,361226,INLAND
-124.03,32.55,42,3691,648.0,1515,1642,1.2856,92244,INLAND
-122.49,39.73,16,3344,544.0,179,209,5.7756,349057,<1H OCEAN
-118.47,32.84,38,7604,1470.0,4784,95,3.3291,276499,INLAND
-120.09,39.58,2,2293,528.0,2110,849,0.999,109370,INLAND
-115.37,34.42,2,4913,718.0,3722,1401,1.8155,234201,INLAND
-116.13,41.6,26,7271,1755.0,2544,200,2.896,137978,<1H OCEAN
-120.88,36.0,13,6605,1384.0,1042,503,1.1687,168447,NEAR OCEAN
-121.71,35.61,47,375,,2171,563,7.1755,478474,INLAND
-120.5,33.91,31,5485,1054.0,2634,1420,3.7262,261433,NEAR OCEAN
-118.4,35.4,34,2904,642.0,4246,1160,3.824,258577,NEAR OCEAN
-121.62,40.83,39,5137,627.0,2273,468,1.8526,247682,ISLAND
-118.06,41.97,3,569,128.0,4572,864,5.0808,293970,<1H OCEAN
-120.21,36.0,8,2018,252.0,3238,256,4.2947,256599,<1H OCEAN
-118.78,36.76,23,2301,542.0,3287,1497,2.7961,232802,<1H OCEAN
-119.94,39.36,14,4985,1241.0,4186,471,3.0769,246321,<1H OCEAN
-121.36,40.92,27,3690,583.0,4574,425,7.8266,487097,INLAND
-114.82,38.13,29,1979,291.0,393,757,2.04,168028,INLAND
-116.66,36.22,39,7874,1728.0,4511,1634,5.1002,316236,INLAND
-122.9,36.42,39,1564,239.0,4754,113,3.0508,233381,<1H OCEAN
-115.62,39.11,1,7494,1742.0,4873,1668,3.6615,241913,NEAR OCEAN
-119.43,32.53,17,5728,763.0,2326,1604,2.6769,185886,<1H OCEAN
-115.35,38.39,41,4662,635.0,4970,1066,8.6574,473251,<1H OCEAN
-116.3,35.88,30,3542,875.0,3251,722,3.9732,235410,INLAND
-120.05,40.04,13,4939,1025.0,938,522,4.0479,291354,NEAR OCEAN
-124.08,33.38,21,3876,891.0,2093,1321,1.0858,124548,<1H OCEAN
-121.61,38.09,19,2626,425.0,1391,1578,1.7379,246030,<1H OCEAN
-118.88,37.07,19,272,56.0,3770,1173,4.1098,231985,INLAND
-117.97,38.6,25,3162,623.0,2933,999,2.7541,194840,<1H OCEAN
-121.72,33.12,22,5567,1104.0,4262,382,1.1412,237960,<1H OCEAN
-122.91,38.01,31,1059,221.0,2465,1110,5.6298,385891,INLAND
-115.95,37.83,17,4056,790.0,1167,69,1.2153,121725,<1H OCEAN
-114.46,37.83,23,4338,,4313,1389,9.4722,500001,<1H OCEAN
-119.04,38.23,32,2624,409.0,3051,669,4.5009,311128,INLAND
-122.58,38.93,10,1264,277.0,1788,202,2.9787,294644,NEAR BAY
-121.58,40.15,10,2417,361.0,1414,1600,2.5144,278522,NEAR BAY
-124.12,35.06,36,4217,,2758,288,1.6797,187144,<1H OCEAN
-115.16,40.34,8,2459,,4840,546,0.5,131345,<1H OCEAN
-123.12,37.23,52,5812,1169.0,974,759,1.5084,166102,<1H OCEAN
-118.53,33.23,20,3951,857.0,201,552,4.1224,289347,<1H OCEAN
-121.56,33.06,32,2286,339.0,635,868,0.9711,198560,INLAND
-118.76,35.68,50,568,72.0,962,146,2.2609,165624,INLAND
-117.79,39.96,14,3004,411.0,2371,213,8.8727,465070,INLAND
-116.0,39.22,50,350,69.0,545,1169,1.7492,146717,<1H OCEAN
-122.24,39.99,28,1334,307.0,3845,191,0.632,163609,<1H OCEAN
-124.19,37.41,46,5799,729.0,2198,1632,1.0577,160538,INLAND
-122.93,36.68,52,5755,1239.0,606,1765,9.2781,500001,<1H OCEAN
-115.3,33.9,24,5366,882.0,1602,572,3.3079,210883,INLAND
-115.56,35.62,15,5319,969.0,2170,1640,1.4619,166662,INLAND
-118.33,36.62,22,5894,1418.0,3135,1290,4.0068,256318,INLAND
-118.29,33.34,30,2984,486.0,3554,868,1.3009,176967,INLAND
-117.65,34.6,4,6336,1143.0,206,1119,0.5,74792,INLAND
-122.55,38.18,13,5685,692.0,784,1123,7.2185,428694,<1H OCEAN
-115.16,39.49,23,4364,569.0,4704,476,2.504,163112,<1H OCEAN
-120.11,41.98,8,2546,391.0,3326,445,5.0037,232628,INLAND
-120.47,41.36,18,5239,647.0,204,561,2.3658,232922,<1H OCEAN
-119.11,38.6,12,5097,1029.0,1046,470,3.0847,186204,INLAND
-123.83,36.5,31,6639,,2344,767,3.0495,211700,INLAND
-122.64,38.54,14,2450,468.0,4676,493,3.9365,330094,NEAR OCEAN
-116.92,39.96,34,260,37.0,2955,425,0.8402,106053,NEAR BAY
-123.47,33.62,18,5241,830.0,4874,740,6.8591,396171,<1H OCEAN
-118.27,36.39,34,3210,662.0,1227,1604,4.1879,199071,ISLAND
-121.85,40.48,11,4101,1006.0,203,1710,2.5244,323057,INLAND
-120.41,36.15,41,1537,194.0,4237,1610,7.3259,449272,INLAND
-121.41,37.93,12,1384,326.0,1766,424,4.9455,418558,<1H OCEAN
-120.74,38.08,49,4626,902.0,3252,355,0.7691,123089,NEAR OCEAN
-117.11,34.25,15,1751,338.0,2907,1144,5.5585,271965,<1H OCEAN
-121.33,35.94,31,4633,857.0,836,779,1.5397,228949,NEAR OCEAN
-118.64,35.68,49,1829,235.0,4418,1123,0.6168,96517,<1H OCEAN
-119.54,32.75,29,1527,,4322,1219,1.2691,159307,INLAND
-117.66,32.73,26,1726,341.0,3817,671,8.4611,497436,<1H OCEAN
-114.93,40.4,18,1873,307.0,2928,243,4.7995,286209,<1H OCEAN
-116.97,35.09,32,1561,373.0,692,1654,3.3792,221958,<1H OCEAN
-122.15,37.42,22,1773,306.0,4712,1388,4.1148,362500,INLAND
-123.99,35.34,38,2886,400.0,715,398,5.4268,285255,<1H OCEAN
-121.68,41.44,17,4570,973.0,3476,1637,2.53,300727,INLAND
-118.35,34.96,23,5483,867.0,3833,1730,7.5436,446882,INLAND
-123.79,36.58,24,7810,1470.0,3751,78,3.0993,249149,NEAR OCEAN
-119.34,40.79,50,2566,540.0,1119,1105,0.5652,60955,INLAND
-118.33,40.5,8,6932,1643.0,2399,1342,9.437,493150,<1H OCEAN
-120.96,34.27,41,6847,1526.0,4553,1679,0.8518,195016,<1H OCEAN
-116.59,40.13,6,3957,822.0,1262,1292,6.4681,337492,<1H OCEAN
-123.23,36.85,5,2634,548.0,1202,162,0.5,165292,NEAR OCEAN
-123.55,37.09,44,2193,532.0,2561,1028,3.4662,256455,NEAR OCEAN
-117.02,33.77,29,1069,169.0,193,815,1.7672,165982,<1H OCEAN
-119.35,33.27,28,7176,862.0,2539,1219,4.1965,257574,<1H OCEAN
-117.42,39.42,11,1214,188.0,3278,1427,9.1303,480276,NEAR OCEAN
-119.95,37.22,1,2111,313.0,4632,402,2.4353,211870,NEAR OCEAN
-121.84,36.65,43,802,165.0,3255,1531,0.8788,176359,NEAR OCEAN
-116.11,39.43,19,4021,813.0,4293,508,3.4796,226570,NEAR OCEAN
-116.31,39.77,9,6095,1201.0,3192,861,2.4877,93712,INLAND
-117.35,34.01,27,890,108.0,3354,679,1.089,97508,<1H OCEAN
-121.58,38.3,34,693,148.0,1407,1644,4.666,371920,INLAND
-118.4,33.79,44,689,111.0,2763,711,0.5,128716,INLAND
-120.69,39.64,4,7064,1458.0,4235,1688,1.4962,186446,INLAND
-123.38,38.74,36,7440,1431.0,1407,717,4.0053,241554,INLAND
-115.13,41.59,18,2756,453.0,4344,1353,1.4981,157459,<1H OCEAN
-122.93,33.16,15,4685,644.0,4683,111,0.9025,124158,<1H OCEAN
-114.8,33.04,51,7986,1056.0,3242,116,5.0865,305611,<1H OCEAN
-119.84,35.18,13,494,112.0,350,254,3.5102,212252,<1H OCEAN
